"File","Module"
"./CommonModelCode/analyze_scored_survey_results.py","class_model_creation"
"./CommonModelCode/create_addr_model_input_data.py","get_entity_ppd_info"
"./CommonModelCode/create_addr_model_input_data.py","get_entity_ppd_info"
"./CommonModelCode/create_addr_model_input_data.py","get_entity_ppd_info"
"./CommonModelCode/create_addr_model_input_data.py","rename_entity_cols"
"./CommonModelCode/create_addr_model_input_data.py","rename_model_cols"
"./CommonModelCode/create_phone_model_input_data.py","get_entity_ppd_info"
"./CommonModelCode/create_phone_model_input_data.py","rename_model_cols"
"./CommonModelCode/get_entity_ppd_info.py","rename_entity_cols"
"./CommonModelCode/get_entity_ppd_info.py","rename_entity_cols"
"./CommonModelCode/process_model_data.py","#get_entity_ppd_info"
"./CommonModelCode/score_phone_ppd_data.py","class_model_creation"
"./CommonModelCode/score_phone_ppd_data.py","process_model_data"
"./CommonModelCode/score_polo_addr_ppd_data.py","class_model_creation"
"./CommonModelCode/score_polo_addr_ppd_data.py","process_model_data"
"./DHC/create_dhc_survey_samples.py","create_model_sample"
"./IQVIA/create_iqvia_phone_sample.py","create_model_sample"
"./PhoneDisconnectModel/create_phone_disconnect_sample.py","create_model_sample"
"./PhoneDisconnectModel/perform_wslive_phone_disconnect_analysis.py","analyze_scored_survey_results"
"./PhoneDisconnectModel/score_ppd_disconnect.py","class_model_creation"
"./PhoneDisconnectModel/score_ppd_disconnect.py","create_phone_model_input_data"
"./PhoneDisconnectModel/score_ppd_disconnect.py","get_entity_ppd_info"
"./PhoneDisconnectModel/score_ppd_disconnect.py","get_entity_ppd_info"
"./PhoneDisconnectModel/score_ppd_disconnect.py","score_phone_ppd_data"
"./PhoneDisconnectModel/score_wslive_disconnect.py","class_model_creation"
"./PhoneDisconnectModel/score_wslive_disconnect.py","create_phone_model_input_data"
"./PhoneDisconnectModel/score_wslive_disconnect.py","get_entity_ppd_info"
"./PhoneDisconnectModel/score_wslive_disconnect.py","get_entity_ppd_info"
"./PhoneDisconnectModel/score_wslive_disconnect.py","score_phone_ppd_data"
"./PhoneQualityModel/create_phone_quality_sample.py","create_model_sample"
"./PhoneQualityModel/perform_wslive_phone_quality_analysis.py","analyze_scored_survey_results"
"./PhoneQualityModel/score_ppd_quality.py","class_model_creation"
"./PhoneQualityModel/score_ppd_quality.py","create_phone_model_input_data"
"./PhoneQualityModel/score_ppd_quality.py","get_entity_ppd_info"
"./PhoneQualityModel/score_ppd_quality.py","get_entity_ppd_info"
"./PhoneQualityModel/score_ppd_quality.py","score_phone_ppd_data"
"./PhoneQualityModel/score_wslive_quality.py","class_model_creation"
"./PhoneQualityModel/score_wslive_quality.py","create_phone_model_input_data"
"./PhoneQualityModel/score_wslive_quality.py","get_entity_ppd_info"
"./PhoneQualityModel/score_wslive_quality.py","get_entity_ppd_info"
"./PhoneQualityModel/score_wslive_quality.py","score_phone_ppd_data"
"./PoloRankModel/perform_wslive_polo_rank_analysis.py","analyze_scored_survey_results"
"./PoloRankModel/perform_wslive_polo_rank_analysis.py","create_addr_model_input_data"
"./PoloRankModel/rank_wslive_polo_addrs.py","class_model_creation"
"./PoloRankModel/rank_wslive_polo_addrs.py","create_addr_model_input_data"
"./PoloRankModel/rank_wslive_polo_addrs.py","#create_addr_model_input_data"
"./PoloRankModel/rank_wslive_polo_addrs.py","score_polo_addr_ppd_data"
"./RPV/RPV_survey.py","create_model_sample"
"./Symphony/create_symphony_phone_sample.py","create_model_sample"
"./Validation/create_phone_val_sample.py","create_model_sample"
"./Validation/perform_val_mf_source_analysis.py","get_entity_ppd_info"
"./WSLive/get_phone_add_del_info.py","get_entity_ppd_info"
"./WSLive/get_phone_add_del_info.py","rename_entity_cols"
"./WSLive/perform_wslive_mf_source_analysis.py","get_entity_ppd_info"
